{"ratio": [], "shift": [["est lié à,Réservation", 0], ["est lié à,Facture", 0], ["paie,Facture", 0], ["paie,Client", 0], ["correspond,Abonnement", 0], ["correspond,Facture", 0], ["demander,Réservation", 0], ["demander,Client", 0], ["demander,Filattente", 0], ["souscrire,Abonnement", 0], ["souscrire,Client", 0]], "colors": [["annotation_color", "#762a83"], ["annotation_text_color", "#f7f7f7"], ["association_attribute_text_color", "#000000"], ["association_cartouche_color", "#c2a5cf"], ["association_cartouche_text_color", "#000000"], ["association_color", "#e7d4e8"], ["association_stroke_color", "#9970ab"], ["background_color", "#f7f7f7"], ["card_text_color", "#1b7837"], ["entity_attribute_text_color", "#000000"], ["entity_cartouche_color", "#a6dba0"], ["entity_cartouche_text_color", "#000000"], ["entity_color", "#d9f0d3"], ["entity_stroke_color", "#5aae61"], ["leg_stroke_color", "#9970ab"], ["transparent_color", "none"]], "cy": [["est lié à", 34], ["Réservation", 152], ["Client", 152], ["paie", 152], ["Facture", 152], ["correspond", 152], ["Abonnement", 152], ["demander", 270], ["souscrire", 270], ["Filattente", 345]], "cx": [["est lié à", 245], ["Réservation", 50], ["Client", 158], ["paie", 245], ["Facture", 350], ["correspond", 463], ["Abonnement", 580], ["demander", 245], ["souscrire", 350], ["Filattente", 245]], "size": [633, 379]}